楽しい,楽しい
日本では経験できない,日本,経験,出来る
色々と体験できる,体験,出来る
景色が良い,景色,良い
観光地が多い,観光,地,多い
普段行かない場所,普段,行く,場所
刺激が多い,刺激,多い
幻想的,幻想
世界遺産がある,世界,遺産,有る
満足感がある,満足,感,有る
色んな体験ができる,体験,出来る
見所が多い,見所,多い
ワクワクする,為る
よく知らない,知る
古代遺跡に興味があるから,古代,遺跡,興味,有る
日本とは違うものが見られる,日本,違う,もの,見る
新しい体験が出来る,新しい,体験,出来る
話のネタになる,話,ネタ,成る
行ったことがない場所,行く,こと,無い,場所
行ったことがない,行く,こと,無い
嬉しい,嬉しい
健康によい,健康,良い
温泉がある,温泉,有る
食べ物が美味しい,食べ物,美味しい
金と時間の節約,金,時間,節約
日本人に優しい,日本,優しい
西洋の建築物が多い,西洋,建築,多い
友だちがいる,友だち,居る
興味が満たされる,興味,満たす
知識欲が満たされる,知識,欲,満たす
リフレッシュできる,リフレッシュ,出来る
のんびり過ごせる,過ごす
国内,国内
安い,安い
移動時間が短い,移動,時間,短い
近い,近い
安心,安心
治安が良い,治安,良い
安全,安全
週末に行ける,週末,行く
話の幅が広がる,話,幅,広がる
勉強になる,勉強,成る
好奇心が満たされる,好奇,満たす
意思疎通が取りやすい,意思,疎通,取る
英語圏,英語
